model_name,accuracy,precision_macro,recall_macro,f1_macro
random_forest,0.998565748592685,0.8994611856778392,0.8623507431388847,0.8730124704979063
svm,0.628530651824873,0.24979931283595985,0.7169677835436709,0.2869155531335993
neural_network,0.9854667234243989,0.6769733492232487,0.9037558185175185,0.690660164288295
